---
title: "transaction 事务"
date: 2019-01-05 21:46
---


[TOC]



# 事务

事务是一组原子性的SQL查询，或者说一个独立工作单元

MySQL 事务主要用于处理操作量大，复杂度高的数据。比如说，在人员管理系统中，你删除一个人员，你即需要删除人员的基本资料，也要删除和该人员相关的信息，如信箱，文章等等，这样，这些数据库操作语句就构成一个事务

- 在 MySQL 中只有使用了 Innodb 数据库引擎的数据库或表才支持事务。
- 事务处理可以用来维护数据库的完整性，保证成批的 SQL 语句要么全部执行，要么全部不执行。
- 事务用来管理 insert,update,delete 语句





## ACID 测试

一般来说，事务是必须满足4个条件（ACID）：：原子性（**A**tomicity，或称不可分割性）、一致性（**C**onsistency）、隔离性（**I**solation，又称独立性）、持久性（**D**urability）。



### 原子性 Atomicity

一个事务（transaction）中的所有操作，要么全部完成，要么全部不完成，不会结束在中间某个环节。事务在执行过程中发生错误，会被回滚（Rollback）到事务开始前的状态，就像这个事务从来没有执行过一样。



### 一致性 Consistency

在事务开始之前和事务结束以后，数据库的完整性没有被破坏。这表示写入的资料必须完全符合所有的预设规则，这包含资料的精确度、串联性以及后续数据库可以自发性地完成预定的工作。



### 隔离性 Isolation

数据库允许多个并发事务同时对其数据进行读写和修改的能力，隔离性可以防止多个事务并发执行时由于交叉执行而导致数据的不一致。

事务隔离分为不同级别，包括读未提交（Read uncommitted）、读提交（read committed）、可重复读（repeatable read）和串行化（Serializable）。



### 持久性 Durability

事务处理结束后，对数据的修改就是永久保存于数据库中，即便系统故障也不会丢失。



## 使用事务

### 启动事务

```
START TRANSACTION
```



### 结束事务

```
COMMIT 提交
ROLLBACK 回滚
```



可以回滚事务操作

```
MariaDB [(none)]> START TRANSACTION;
Query OK, 0 rows affected (0.00 sec)

MariaDB [hellodb]> DELETE FROM students WHERE StuID IN (18,23);
Query OK, 2 rows affected (0.01 sec)

MariaDB [hellodb]> SELECT * FROM students;
+-------+---------------+-----+--------+---------+-----------+
| StuID | Name          | Age | Gender | ClassID | TeacherID |
+-------+---------------+-----+--------+---------+-----------+
|     1 | Shi Zhongyu   |  22 | M      |       2 |         3 |
|     2 | Shi Potian    |  22 | M      |       1 |         7 |
|     3 | Xie Yanke     |  53 | M      |       2 |        16 |
|     4 | Ding Dian     |  32 | M      |       4 |         4 |
|     5 | Yu Yutong     |  26 | M      |       3 |         1 |
|     6 | Shi Qing      |  46 | M      |       5 |      NULL |
|     7 | Xi Ren        |  19 | F      |       3 |      NULL |
|     8 | Lin Daiyu     |  17 | F      |       7 |      NULL |
|     9 | Ren Yingying  |  20 | F      |       6 |      NULL |
|    10 | Yue Lingshan  |  19 | F      |       3 |      NULL |
|    11 | Yuan Chengzhi |  23 | M      |       6 |      NULL |
|    12 | Wen Qingqing  |  19 | F      |       1 |      NULL |
|    13 | Tian Boguang  |  33 | M      |       2 |      NULL |
|    14 | Lu Wushuang   |  17 | F      |       3 |      NULL |
|    15 | Duan Yu       |  19 | M      |       4 |      NULL |
|    16 | Xu Zhu        |  21 | M      |       1 |      NULL |
|    17 | Lin Chong     |  25 | M      |       4 |      NULL |
|    19 | Xue Baochai   |  18 | F      |       6 |      NULL |
|    20 | Diao Chan     |  19 | F      |       7 |      NULL |
|    21 | Huang Yueying |  22 | F      |       6 |      NULL |
|    22 | Xiao Qiao     |  20 | F      |       1 |      NULL |
|    24 | Xu Xian       |  27 | M      |    NULL |      NULL |
|    25 | Sun Dasheng   | 100 | M      |    NULL |      NULL |
+-------+---------------+-----+--------+---------+-----------+
23 rows in set (0.01 sec)

MariaDB [hellodb]> ROLLBACK
    -> ;
Query OK, 0 rows affected (0.01 sec)

MariaDB [hellodb]> SELECT * FROM students;
+-------+---------------+-----+--------+---------+-----------+
| StuID | Name          | Age | Gender | ClassID | TeacherID |
+-------+---------------+-----+--------+---------+-----------+
|     1 | Shi Zhongyu   |  22 | M      |       2 |         3 |
|     2 | Shi Potian    |  22 | M      |       1 |         7 |
|     3 | Xie Yanke     |  53 | M      |       2 |        16 |
|     4 | Ding Dian     |  32 | M      |       4 |         4 |
|     5 | Yu Yutong     |  26 | M      |       3 |         1 |
|     6 | Shi Qing      |  46 | M      |       5 |      NULL |
|     7 | Xi Ren        |  19 | F      |       3 |      NULL |
|     8 | Lin Daiyu     |  17 | F      |       7 |      NULL |
|     9 | Ren Yingying  |  20 | F      |       6 |      NULL |
|    10 | Yue Lingshan  |  19 | F      |       3 |      NULL |
|    11 | Yuan Chengzhi |  23 | M      |       6 |      NULL |
|    12 | Wen Qingqing  |  19 | F      |       1 |      NULL |
|    13 | Tian Boguang  |  33 | M      |       2 |      NULL |
|    14 | Lu Wushuang   |  17 | F      |       3 |      NULL |
|    15 | Duan Yu       |  19 | M      |       4 |      NULL |
|    16 | Xu Zhu        |  21 | M      |       1 |      NULL |
|    17 | Lin Chong     |  25 | M      |       4 |      NULL |
|    18 | Hua Rong      |  23 | M      |       7 |      NULL |
|    19 | Xue Baochai   |  18 | F      |       6 |      NULL |
|    20 | Diao Chan     |  19 | F      |       7 |      NULL |
|    21 | Huang Yueying |  22 | F      |       6 |      NULL |
|    22 | Xiao Qiao     |  20 | F      |       1 |      NULL |
|    23 | Ma Chao       |  23 | M      |       4 |      NULL |
|    24 | Xu Xian       |  27 | M      |    NULL |      NULL |
|    25 | Sun Dasheng   | 100 | M      |    NULL |      NULL |
+-------+---------------+-----+--------+---------+-----------+
25 rows in set (0.00 sec)
```



### 关闭自动提交

在 MySQL 命令行的默认设置下，事务都是自动提交的，即执行 SQL 语句后就会马上执行 COMMIT 操作。因此要显式地开启一个事务务须使用命令 BEGIN 或 START TRANSACTION，或者执行命令 SET AUTOCOMMIT=0，用来禁止使用当前会话的自动提交。

* 临时关闭

```
MariaDB [(none)]> SET SESSION autocommit=0;
Query OK, 0 rows affected (0.00 sec)

MariaDB [(none)]> SHOW VARIABLES LIKE '%auto%';
+-----------------------------+-------+
| Variable_name               | Value |
+-----------------------------+-------+
| auto_increment_increment    | 1     |
| auto_increment_offset       | 1     |
| autocommit                  | OFF   |
| automatic_sp_privileges     | ON    |
| innodb_autoextend_increment | 8     |
| innodb_autoinc_lock_mode    | 1     |
| innodb_stats_auto_update    | 1     |
| sql_auto_is_null            | OFF   |
+-----------------------------+-------+
8 rows in set (0.00 sec)
```



## savepoint

### usage

```
SAVEPOINT identifier
ROLLBACK [WORK] TO SAVEPOINT identifier
RELEASE SAVEPOINT identifier
```



```
MariaDB [hellodb]> START TRANSACTION;
Query OK, 0 rows affected (0.00 sec)

MariaDB [hellodb]> SELECT * FROM students;
+-------+---------------+-----+--------+---------+-----------+
| StuID | Name          | Age | Gender | ClassID | TeacherID |
+-------+---------------+-----+--------+---------+-----------+
|     1 | Shi Zhongyu   |  22 | M      |       2 |         3 |
|     2 | Shi Potian    |  22 | M      |       1 |         7 |
|     3 | Xie Yanke     |  53 | M      |       2 |        16 |
|     4 | Ding Dian     |  32 | M      |       4 |         4 |
|     5 | Yu Yutong     |  26 | M      |       3 |         1 |
|     6 | Shi Qing      |  46 | M      |       5 |      NULL |
|     7 | Xi Ren        |  19 | F      |       3 |      NULL |
|     8 | Lin Daiyu     |  17 | F      |       7 |      NULL |
|     9 | Ren Yingying  |  20 | F      |       6 |      NULL |
|    10 | Yue Lingshan  |  19 | F      |       3 |      NULL |
|    11 | Yuan Chengzhi |  23 | M      |       6 |      NULL |
|    12 | Wen Qingqing  |  19 | F      |       1 |      NULL |
|    13 | Tian Boguang  |  33 | M      |       2 |      NULL |
|    14 | Lu Wushuang   |  17 | F      |       3 |      NULL |
|    15 | Duan Yu       |  19 | M      |       4 |      NULL |
|    16 | Xu Zhu        |  21 | M      |       1 |      NULL |
|    17 | Lin Chong     |  25 | M      |       4 |      NULL |
|    18 | Hua Rong      |  23 | M      |       7 |      NULL |
|    19 | Xue Baochai   |  18 | F      |       6 |      NULL |
|    20 | Diao Chan     |  19 | F      |       7 |      NULL |
|    21 | Huang Yueying |  22 | F      |       6 |      NULL |
|    22 | Xiao Qiao     |  20 | F      |       1 |      NULL |
|    23 | Ma Chao       |  23 | M      |       4 |      NULL |
|    24 | Xu Xian       |  27 | M      |    NULL |      NULL |
|    25 | Sun Dasheng   | 100 | M      |    NULL |      NULL |
+-------+---------------+-----+--------+---------+-----------+
25 rows in set (0.00 sec)

MariaDB [hellodb]> DELETE FROM students WHERE StuID=18;
Query OK, 1 row affected (0.01 sec)

MariaDB [hellodb]> SAVEPOINT sp1;
Query OK, 0 rows affected (0.00 sec)

MariaDB [hellodb]> INSERT INTO students (Name, Age, Gender) VALUES ('Jinjiao King', 100, 'M');
Query OK, 1 row affected (0.00 sec)

MariaDB [hellodb]> SAVEPOINT sp2;
Query OK, 0 rows affected (0.00 sec)

MariaDB [hellodb]> UPDATE students SET Age=43 WHERE StuID=13;
Query OK, 1 row affected (0.00 sec)
Rows matched: 1  Changed: 1  Warnings: 0

MariaDB [hellodb]> SELECT * FROM students;
+-------+---------------+-----+--------+---------+-----------+
| StuID | Name          | Age | Gender | ClassID | TeacherID |
+-------+---------------+-----+--------+---------+-----------+
|     1 | Shi Zhongyu   |  22 | M      |       2 |         3 |
|     2 | Shi Potian    |  22 | M      |       1 |         7 |
|     3 | Xie Yanke     |  53 | M      |       2 |        16 |
|     4 | Ding Dian     |  32 | M      |       4 |         4 |
|     5 | Yu Yutong     |  26 | M      |       3 |         1 |
|     6 | Shi Qing      |  46 | M      |       5 |      NULL |
|     7 | Xi Ren        |  19 | F      |       3 |      NULL |
|     8 | Lin Daiyu     |  17 | F      |       7 |      NULL |
|     9 | Ren Yingying  |  20 | F      |       6 |      NULL |
|    10 | Yue Lingshan  |  19 | F      |       3 |      NULL |
|    11 | Yuan Chengzhi |  23 | M      |       6 |      NULL |
|    12 | Wen Qingqing  |  19 | F      |       1 |      NULL |
|    13 | Tian Boguang  |  43 | M      |       2 |      NULL |
|    14 | Lu Wushuang   |  17 | F      |       3 |      NULL |
|    15 | Duan Yu       |  19 | M      |       4 |      NULL |
|    16 | Xu Zhu        |  21 | M      |       1 |      NULL |
|    17 | Lin Chong     |  25 | M      |       4 |      NULL |
|    19 | Xue Baochai   |  18 | F      |       6 |      NULL |
|    20 | Diao Chan     |  19 | F      |       7 |      NULL |
|    21 | Huang Yueying |  22 | F      |       6 |      NULL |
|    22 | Xiao Qiao     |  20 | F      |       1 |      NULL |
|    23 | Ma Chao       |  23 | M      |       4 |      NULL |
|    24 | Xu Xian       |  27 | M      |    NULL |      NULL |
|    25 | Sun Dasheng   | 100 | M      |    NULL |      NULL |
|    26 | Jinjiao King  | 100 | M      |    NULL |      NULL |
+-------+---------------+-----+--------+---------+-----------+
25 rows in set (0.00 sec)

MariaDB [hellodb]> ROLLBACK TO sp2;
Query OK, 0 rows affected (0.00 sec)

MariaDB [hellodb]> SELECT * FROM students;
+-------+---------------+-----+--------+---------+-----------+
| StuID | Name          | Age | Gender | ClassID | TeacherID |
+-------+---------------+-----+--------+---------+-----------+
|     1 | Shi Zhongyu   |  22 | M      |       2 |         3 |
|     2 | Shi Potian    |  22 | M      |       1 |         7 |
|     3 | Xie Yanke     |  53 | M      |       2 |        16 |
|     4 | Ding Dian     |  32 | M      |       4 |         4 |
|     5 | Yu Yutong     |  26 | M      |       3 |         1 |
|     6 | Shi Qing      |  46 | M      |       5 |      NULL |
|     7 | Xi Ren        |  19 | F      |       3 |      NULL |
|     8 | Lin Daiyu     |  17 | F      |       7 |      NULL |
|     9 | Ren Yingying  |  20 | F      |       6 |      NULL |
|    10 | Yue Lingshan  |  19 | F      |       3 |      NULL |
|    11 | Yuan Chengzhi |  23 | M      |       6 |      NULL |
|    12 | Wen Qingqing  |  19 | F      |       1 |      NULL |
|    13 | Tian Boguang  |  33 | M      |       2 |      NULL |
|    14 | Lu Wushuang   |  17 | F      |       3 |      NULL |
|    15 | Duan Yu       |  19 | M      |       4 |      NULL |
|    16 | Xu Zhu        |  21 | M      |       1 |      NULL |
|    17 | Lin Chong     |  25 | M      |       4 |      NULL |
|    19 | Xue Baochai   |  18 | F      |       6 |      NULL |
|    20 | Diao Chan     |  19 | F      |       7 |      NULL |
|    21 | Huang Yueying |  22 | F      |       6 |      NULL |
|    22 | Xiao Qiao     |  20 | F      |       1 |      NULL |
|    23 | Ma Chao       |  23 | M      |       4 |      NULL |
|    24 | Xu Xian       |  27 | M      |    NULL |      NULL |
|    25 | Sun Dasheng   | 100 | M      |    NULL |      NULL |
|    26 | Jinjiao King  | 100 | M      |    NULL |      NULL |
+-------+---------------+-----+--------+---------+-----------+
25 rows in set (0.00 sec)

MariaDB [hellodb]> ROLLBACK TO sp1;
Query OK, 0 rows affected (0.00 sec)

MariaDB [hellodb]> SELECT * FROM students;
+-------+---------------+-----+--------+---------+-----------+
| StuID | Name          | Age | Gender | ClassID | TeacherID |
+-------+---------------+-----+--------+---------+-----------+
|     1 | Shi Zhongyu   |  22 | M      |       2 |         3 |
|     2 | Shi Potian    |  22 | M      |       1 |         7 |
|     3 | Xie Yanke     |  53 | M      |       2 |        16 |
|     4 | Ding Dian     |  32 | M      |       4 |         4 |
|     5 | Yu Yutong     |  26 | M      |       3 |         1 |
|     6 | Shi Qing      |  46 | M      |       5 |      NULL |
|     7 | Xi Ren        |  19 | F      |       3 |      NULL |
|     8 | Lin Daiyu     |  17 | F      |       7 |      NULL |
|     9 | Ren Yingying  |  20 | F      |       6 |      NULL |
|    10 | Yue Lingshan  |  19 | F      |       3 |      NULL |
|    11 | Yuan Chengzhi |  23 | M      |       6 |      NULL |
|    12 | Wen Qingqing  |  19 | F      |       1 |      NULL |
|    13 | Tian Boguang  |  33 | M      |       2 |      NULL |
|    14 | Lu Wushuang   |  17 | F      |       3 |      NULL |
|    15 | Duan Yu       |  19 | M      |       4 |      NULL |
|    16 | Xu Zhu        |  21 | M      |       1 |      NULL |
|    17 | Lin Chong     |  25 | M      |       4 |      NULL |
|    19 | Xue Baochai   |  18 | F      |       6 |      NULL |
|    20 | Diao Chan     |  19 | F      |       7 |      NULL |
|    21 | Huang Yueying |  22 | F      |       6 |      NULL |
|    22 | Xiao Qiao     |  20 | F      |       1 |      NULL |
|    23 | Ma Chao       |  23 | M      |       4 |      NULL |
|    24 | Xu Xian       |  27 | M      |    NULL |      NULL |
|    25 | Sun Dasheng   | 100 | M      |    NULL |      NULL |
+-------+---------------+-----+--------+---------+-----------+
24 rows in set (0.00 sec)

MariaDB [hellodb]> ROLLBACK;
Query OK, 0 rows affected (0.00 sec)

MariaDB [hellodb]> SELECT * FROM students;
+-------+---------------+-----+--------+---------+-----------+
| StuID | Name          | Age | Gender | ClassID | TeacherID |
+-------+---------------+-----+--------+---------+-----------+
|     1 | Shi Zhongyu   |  22 | M      |       2 |         3 |
|     2 | Shi Potian    |  22 | M      |       1 |         7 |
|     3 | Xie Yanke     |  53 | M      |       2 |        16 |
|     4 | Ding Dian     |  32 | M      |       4 |         4 |
|     5 | Yu Yutong     |  26 | M      |       3 |         1 |
|     6 | Shi Qing      |  46 | M      |       5 |      NULL |
|     7 | Xi Ren        |  19 | F      |       3 |      NULL |
|     8 | Lin Daiyu     |  17 | F      |       7 |      NULL |
|     9 | Ren Yingying  |  20 | F      |       6 |      NULL |
|    10 | Yue Lingshan  |  19 | F      |       3 |      NULL |
|    11 | Yuan Chengzhi |  23 | M      |       6 |      NULL |
|    12 | Wen Qingqing  |  19 | F      |       1 |      NULL |
|    13 | Tian Boguang  |  33 | M      |       2 |      NULL |
|    14 | Lu Wushuang   |  17 | F      |       3 |      NULL |
|    15 | Duan Yu       |  19 | M      |       4 |      NULL |
|    16 | Xu Zhu        |  21 | M      |       1 |      NULL |
|    17 | Lin Chong     |  25 | M      |       4 |      NULL |
|    18 | Hua Rong      |  23 | M      |       7 |      NULL |
|    19 | Xue Baochai   |  18 | F      |       6 |      NULL |
|    20 | Diao Chan     |  19 | F      |       7 |      NULL |
|    21 | Huang Yueying |  22 | F      |       6 |      NULL |
|    22 | Xiao Qiao     |  20 | F      |       1 |      NULL |
|    23 | Ma Chao       |  23 | M      |       4 |      NULL |
|    24 | Xu Xian       |  27 | M      |    NULL |      NULL |
|    25 | Sun Dasheng   | 100 | M      |    NULL |      NULL |
+-------+---------------+-----+--------+---------+-----------+
25 rows in set (0.00 sec)
```





## 事务隔离级别

使用`SET tx_isolation=""` 方式设置，临时会话加上`SESSION`参数

 

### READ UNCOMMITTED 读未提交

即一个事务还没有提交的时候，他做的变更就被其他事务看到

存在脏读问题， 即读到了别人的脏数据



开启两个session 会话，并修改隔离级别

```
MariaDB [hellodb]> SHOW PROCESSLIST;
+----+------+-----------+---------+---------+------+-------+------------------+----------+
| Id | User | Host      | db      | Command | Time | State | Info             | Progress |
+----+------+-----------+---------+---------+------+-------+------------------+----------+
| 14 | root | localhost | hellodb | Sleep   |  416 |       | NULL             |    0.000 |
| 15 | root | localhost | hellodb | Query   |    0 | NULL  | SHOW PROCESSLIST |    0.000 |
+----+------+-----------+---------+---------+------+-------+------------------+----------+
2 rows in set (0.00 sec)

MariaDB [hellodb]> SET tx_isolation='READ-UNCOMMITTED';
Query OK, 0 rows affected (0.00 sec)

MariaDB [hellodb]> SHOW VARIABLES LIKE '%isolation%';
+---------------+------------------+
| Variable_name | Value            |
+---------------+------------------+
| tx_isolation  | READ-UNCOMMITTED |
+---------------+------------------+
1 row in set (0.00 sec)
```



两边开启事务

```
START TRANSACTION;
```



会话一更新数据

```
MariaDB [hellodb]> UPDATE students SET Age=40 WHERE StuID=13;
Query OK, 1 row affected (0.00 sec)
Rows matched: 1  Changed: 1  Warnings: 0

MariaDB [hellodb]> SELECT * FROM students;
+-------+---------------+-----+--------+---------+-----------+
| StuID | Name          | Age | Gender | ClassID | TeacherID |
+-------+---------------+-----+--------+---------+-----------+
|     1 | Shi Zhongyu   |  22 | M      |       2 |         3 |
|     2 | Shi Potian    |  22 | M      |       1 |         7 |
|     3 | Xie Yanke     |  53 | M      |       2 |        16 |
|     4 | Ding Dian     |  32 | M      |       4 |         4 |
|     5 | Yu Yutong     |  26 | M      |       3 |         1 |
|     6 | Shi Qing      |  46 | M      |       5 |      NULL |
|     7 | Xi Ren        |  19 | F      |       3 |      NULL |
|     8 | Lin Daiyu     |  17 | F      |       7 |      NULL |
|     9 | Ren Yingying  |  20 | F      |       6 |      NULL |
|    10 | Yue Lingshan  |  19 | F      |       3 |      NULL |
|    11 | Yuan Chengzhi |  23 | M      |       6 |      NULL |
|    12 | Wen Qingqing  |  19 | F      |       1 |      NULL |
|    13 | Tian Boguang  |  40 | M      |       2 |      NULL |
|    14 | Lu Wushuang   |  17 | F      |       3 |      NULL |
|    15 | Duan Yu       |  19 | M      |       4 |      NULL |
|    16 | Xu Zhu        |  21 | M      |       1 |      NULL |
|    17 | Lin Chong     |  25 | M      |       4 |      NULL |
|    18 | Hua Rong      |  23 | M      |       7 |      NULL |
|    19 | Xue Baochai   |  18 | F      |       6 |      NULL |
|    20 | Diao Chan     |  19 | F      |       7 |      NULL |
|    21 | Huang Yueying |  22 | F      |       6 |      NULL |
|    22 | Xiao Qiao     |  20 | F      |       1 |      NULL |
|    23 | Ma Chao       |  23 | M      |       4 |      NULL |
|    24 | Xu Xian       |  27 | M      |    NULL |      NULL |
|    25 | Sun Dasheng   | 100 | M      |    NULL |      NULL |
+-------+---------------+-----+--------+---------+-----------+
25 rows in set (0.00 sec)
```



会话二查看数据

```
MariaDB [hellodb]> SELECT * FROM students WHERE StuID=13;
+-------+--------------+-----+--------+---------+-----------+
| StuID | Name         | Age | Gender | ClassID | TeacherID |
+-------+--------------+-----+--------+---------+-----------+
|    13 | Tian Boguang |  40 | M      |       2 |      NULL |
+-------+--------------+-----+--------+---------+-----------+
1 row in set (0.00 sec)
```



会话一回滚

```
MariaDB [hellodb]> SELECT * FROM students WHERE StuID=13;
+-------+--------------+-----+--------+---------+-----------+
| StuID | Name         | Age | Gender | ClassID | TeacherID |
+-------+--------------+-----+--------+---------+-----------+
|    13 | Tian Boguang |  40 | M      |       2 |      NULL |
+-------+--------------+-----+--------+---------+-----------+
1 row in set (0.00 sec)

MariaDB [hellodb]> ROLLBACK;
Query OK, 0 rows affected (0.00 sec)

MariaDB [hellodb]> SELECT * FROM students WHERE StuID=13;
+-------+--------------+-----+--------+---------+-----------+
| StuID | Name         | Age | Gender | ClassID | TeacherID |
+-------+--------------+-----+--------+---------+-----------+
|    13 | Tian Boguang |  33 | M      |       2 |      NULL |
+-------+--------------+-----+--------+---------+-----------+
1 row in set (0.00 sec)
```



会话二查看数据， 发现数据也被修改了

```
MariaDB [hellodb]> SELECT * FROM students WHERE StuID=13;
+-------+--------------+-----+--------+---------+-----------+
| StuID | Name         | Age | Gender | ClassID | TeacherID |
+-------+--------------+-----+--------+---------+-----------+
|    13 | Tian Boguang |  33 | M      |       2 |      NULL |
+-------+--------------+-----+--------+---------+-----------+
1 row in set (0.00 sec)
```





### READ COMMITTED 读提交

即一个事务提交之后，他做的变更才会被其他事务看到

解决脏读问题，但是会有不可重复读，和幻读的问题。即提交前读到一种数据，提交后读到另外一种数据



并发性能还不错，但是复制的时候会出现数据不一致的问题



开启两个会话，并设置隔离级别， 开启事务

```
MariaDB [hellodb]> SET tx_isolation='READ-COMMITTED';
Query OK, 0 rows affected (0.00 sec)

MariaDB [hellodb]> SHOW VARIABLES LIKE '%isolation';
+---------------+----------------+
| Variable_name | Value          |
+---------------+----------------+
| tx_isolation  | READ-COMMITTED |
+---------------+----------------+
1 row in set (0.00 sec)

MariaDB [hellodb]> START  TRANSACTION;
Query OK, 0 rows affected (0.00 sec)
```





会话一插入数据

```
MariaDB [hellodb]> INSERT INTO students (Name, Age, Gender) VALUES ('Jinjiao King', 100, 'M');
Query OK, 1 row affected (0.00 sec)

MariaDB [hellodb]> SELECT * FROM students;
+-------+---------------+-----+--------+---------+-----------+
| StuID | Name          | Age | Gender | ClassID | TeacherID |
+-------+---------------+-----+--------+---------+-----------+
|     1 | Shi Zhongyu   |  22 | M      |       2 |         3 |
|     2 | Shi Potian    |  22 | M      |       1 |         7 |
|     3 | Xie Yanke     |  53 | M      |       2 |        16 |
|     4 | Ding Dian     |  32 | M      |       4 |         4 |
|     5 | Yu Yutong     |  26 | M      |       3 |         1 |
|     6 | Shi Qing      |  46 | M      |       5 |      NULL |
|     7 | Xi Ren        |  19 | F      |       3 |      NULL |
|     8 | Lin Daiyu     |  17 | F      |       7 |      NULL |
|     9 | Ren Yingying  |  20 | F      |       6 |      NULL |
|    10 | Yue Lingshan  |  19 | F      |       3 |      NULL |
|    11 | Yuan Chengzhi |  23 | M      |       6 |      NULL |
|    12 | Wen Qingqing  |  19 | F      |       1 |      NULL |
|    13 | Tian Boguang  |  33 | M      |       2 |      NULL |
|    14 | Lu Wushuang   |  17 | F      |       3 |      NULL |
|    15 | Duan Yu       |  19 | M      |       4 |      NULL |
|    16 | Xu Zhu        |  21 | M      |       1 |      NULL |
|    17 | Lin Chong     |  25 | M      |       4 |      NULL |
|    18 | Hua Rong      |  23 | M      |       7 |      NULL |
|    19 | Xue Baochai   |  18 | F      |       6 |      NULL |
|    20 | Diao Chan     |  19 | F      |       7 |      NULL |
|    21 | Huang Yueying |  22 | F      |       6 |      NULL |
|    22 | Xiao Qiao     |  20 | F      |       1 |      NULL |
|    23 | Ma Chao       |  23 | M      |       4 |      NULL |
|    24 | Xu Xian       |  27 | M      |    NULL |      NULL |
|    25 | Sun Dasheng   | 100 | M      |    NULL |      NULL |
|    27 | Jinjiao King  | 100 | M      |    NULL |      NULL |
+-------+---------------+-----+--------+---------+-----------+
26 rows in set (0.00 sec)

MariaDB [hellodb]> SELECT * FROM students;
+-------+---------------+-----+--------+---------+-----------+
| StuID | Name          | Age | Gender | ClassID | TeacherID |
+-------+---------------+-----+--------+---------+-----------+
|     2 | Shi Potian    |  22 | M      |       1 |         7 |
|     3 | Xie Yanke     |  53 | M      |       2 |        16 |
|     4 | Ding Dian     |  32 | M      |       4 |         4 |
|     5 | Yu Yutong     |  26 | M      |       3 |         1 |
|     6 | Shi Qing      |  46 | M      |       5 |      NULL |
|     7 | Xi Ren        |  19 | F      |       3 |      NULL |
|     8 | Lin Daiyu     |  17 | F      |       7 |      NULL |
|     9 | Ren Yingying  |  20 | F      |       6 |      NULL |
|    10 | Yue Lingshan  |  19 | F      |       3 |      NULL |
|    11 | Yuan Chengzhi |  23 | M      |       6 |      NULL |
|    12 | Wen Qingqing  |  19 | F      |       1 |      NULL |
|    13 | Tian Boguang  |  33 | M      |       2 |      NULL |
|    14 | Lu Wushuang   |  17 | F      |       3 |      NULL |
|    15 | Duan Yu       |  19 | M      |       4 |      NULL |
|    16 | Xu Zhu        |  21 | M      |       1 |      NULL |
|    17 | Lin Chong     |  25 | M      |       4 |      NULL |
|    18 | Hua Rong      |  23 | M      |       7 |      NULL |
|    19 | Xue Baochai   |  18 | F      |       6 |      NULL |
|    20 | Diao Chan     |  19 | F      |       7 |      NULL |
|    21 | Huang Yueying |  22 | F      |       6 |      NULL |
|    22 | Xiao Qiao     |  20 | F      |       1 |      NULL |
|    23 | Ma Chao       |  23 | M      |       4 |      NULL |
|    24 | Xu Xian       |  27 | M      |    NULL |      NULL |
|    25 | Sun Dasheng   | 100 | M      |    NULL |      NULL |
|    27 | Jinjiao King  | 100 | M      |    NULL |      NULL |
+-------+---------------+-----+--------+---------+-----------+
25 rows in set (0.00 sec)

MariaDB [hellodb]> COMMIT;
Query OK, 0 rows affected (0.00 sec)

MariaDB [hellodb]> SELECT * FROM students;
+-------+---------------+-----+--------+---------+-----------+
| StuID | Name          | Age | Gender | ClassID | TeacherID |
+-------+---------------+-----+--------+---------+-----------+
|     2 | Shi Potian    |  22 | M      |       1 |         7 |
|     3 | Xie Yanke     |  53 | M      |       2 |        16 |
|     4 | Ding Dian     |  32 | M      |       4 |         4 |
|     5 | Yu Yutong     |  26 | M      |       3 |         1 |
|     6 | Shi Qing      |  46 | M      |       5 |      NULL |
|     7 | Xi Ren        |  19 | F      |       3 |      NULL |
|     8 | Lin Daiyu     |  17 | F      |       7 |      NULL |
|     9 | Ren Yingying  |  20 | F      |       6 |      NULL |
|    10 | Yue Lingshan  |  19 | F      |       3 |      NULL |
|    11 | Yuan Chengzhi |  23 | M      |       6 |      NULL |
|    12 | Wen Qingqing  |  19 | F      |       1 |      NULL |
|    13 | Tian Boguang  |  33 | M      |       2 |      NULL |
|    14 | Lu Wushuang   |  17 | F      |       3 |      NULL |
|    15 | Duan Yu       |  19 | M      |       4 |      NULL |
|    16 | Xu Zhu        |  21 | M      |       1 |      NULL |
|    17 | Lin Chong     |  25 | M      |       4 |      NULL |
|    18 | Hua Rong      |  23 | M      |       7 |      NULL |
|    19 | Xue Baochai   |  18 | F      |       6 |      NULL |
|    20 | Diao Chan     |  19 | F      |       7 |      NULL |
|    21 | Huang Yueying |  22 | F      |       6 |      NULL |
|    22 | Xiao Qiao     |  20 | F      |       1 |      NULL |
|    23 | Ma Chao       |  23 | M      |       4 |      NULL |
|    24 | Xu Xian       |  27 | M      |    NULL |      NULL |
|    25 | Sun Dasheng   | 100 | M      |    NULL |      NULL |
|    27 | Jinjiao King  | 100 | M      |    NULL |      NULL |
+-------+---------------+-----+--------+---------+-----------+
25 rows in set (0.01 sec)
```



会话二删除数据

```
MariaDB [hellodb]> SELECT * FROM students;
+-------+---------------+-----+--------+---------+-----------+
| StuID | Name          | Age | Gender | ClassID | TeacherID |
+-------+---------------+-----+--------+---------+-----------+
|     1 | Shi Zhongyu   |  22 | M      |       2 |         3 |
|     2 | Shi Potian    |  22 | M      |       1 |         7 |
|     3 | Xie Yanke     |  53 | M      |       2 |        16 |
|     4 | Ding Dian     |  32 | M      |       4 |         4 |
|     5 | Yu Yutong     |  26 | M      |       3 |         1 |
|     6 | Shi Qing      |  46 | M      |       5 |      NULL |
|     7 | Xi Ren        |  19 | F      |       3 |      NULL |
|     8 | Lin Daiyu     |  17 | F      |       7 |      NULL |
|     9 | Ren Yingying  |  20 | F      |       6 |      NULL |
|    10 | Yue Lingshan  |  19 | F      |       3 |      NULL |
|    11 | Yuan Chengzhi |  23 | M      |       6 |      NULL |
|    12 | Wen Qingqing  |  19 | F      |       1 |      NULL |
|    13 | Tian Boguang  |  33 | M      |       2 |      NULL |
|    14 | Lu Wushuang   |  17 | F      |       3 |      NULL |
|    15 | Duan Yu       |  19 | M      |       4 |      NULL |
|    16 | Xu Zhu        |  21 | M      |       1 |      NULL |
|    17 | Lin Chong     |  25 | M      |       4 |      NULL |
|    18 | Hua Rong      |  23 | M      |       7 |      NULL |
|    19 | Xue Baochai   |  18 | F      |       6 |      NULL |
|    20 | Diao Chan     |  19 | F      |       7 |      NULL |
|    21 | Huang Yueying |  22 | F      |       6 |      NULL |
|    22 | Xiao Qiao     |  20 | F      |       1 |      NULL |
|    23 | Ma Chao       |  23 | M      |       4 |      NULL |
|    24 | Xu Xian       |  27 | M      |    NULL |      NULL |
|    25 | Sun Dasheng   | 100 | M      |    NULL |      NULL |
|    27 | Jinjiao King  | 100 | M      |    NULL |      NULL |
+-------+---------------+-----+--------+---------+-----------+
26 rows in set (0.00 sec)

MariaDB [hellodb]> DELETE FROM students WHERE StuID=1;
Query OK, 1 row affected (0.00 sec)

MariaDB [hellodb]> SELECT * FROM students;
+-------+---------------+-----+--------+---------+-----------+
| StuID | Name          | Age | Gender | ClassID | TeacherID |
+-------+---------------+-----+--------+---------+-----------+
|     2 | Shi Potian    |  22 | M      |       1 |         7 |
|     3 | Xie Yanke     |  53 | M      |       2 |        16 |
|     4 | Ding Dian     |  32 | M      |       4 |         4 |
|     5 | Yu Yutong     |  26 | M      |       3 |         1 |
|     6 | Shi Qing      |  46 | M      |       5 |      NULL |
|     7 | Xi Ren        |  19 | F      |       3 |      NULL |
|     8 | Lin Daiyu     |  17 | F      |       7 |      NULL |
|     9 | Ren Yingying  |  20 | F      |       6 |      NULL |
|    10 | Yue Lingshan  |  19 | F      |       3 |      NULL |
|    11 | Yuan Chengzhi |  23 | M      |       6 |      NULL |
|    12 | Wen Qingqing  |  19 | F      |       1 |      NULL |
|    13 | Tian Boguang  |  33 | M      |       2 |      NULL |
|    14 | Lu Wushuang   |  17 | F      |       3 |      NULL |
|    15 | Duan Yu       |  19 | M      |       4 |      NULL |
|    16 | Xu Zhu        |  21 | M      |       1 |      NULL |
|    17 | Lin Chong     |  25 | M      |       4 |      NULL |
|    18 | Hua Rong      |  23 | M      |       7 |      NULL |
|    19 | Xue Baochai   |  18 | F      |       6 |      NULL |
|    20 | Diao Chan     |  19 | F      |       7 |      NULL |
|    21 | Huang Yueying |  22 | F      |       6 |      NULL |
|    22 | Xiao Qiao     |  20 | F      |       1 |      NULL |
|    23 | Ma Chao       |  23 | M      |       4 |      NULL |
|    24 | Xu Xian       |  27 | M      |    NULL |      NULL |
|    25 | Sun Dasheng   | 100 | M      |    NULL |      NULL |
|    27 | Jinjiao King  | 100 | M      |    NULL |      NULL |
+-------+---------------+-----+--------+---------+-----------+
25 rows in set (0.00 sec)

MariaDB [hellodb]> COMMIT
    -> ;
Query OK, 0 rows affected (0.01 sec)

MariaDB [hellodb]> SELECT * FROM students;
+-------+---------------+-----+--------+---------+-----------+
| StuID | Name          | Age | Gender | ClassID | TeacherID |
+-------+---------------+-----+--------+---------+-----------+
|     2 | Shi Potian    |  22 | M      |       1 |         7 |
|     3 | Xie Yanke     |  53 | M      |       2 |        16 |
|     4 | Ding Dian     |  32 | M      |       4 |         4 |
|     5 | Yu Yutong     |  26 | M      |       3 |         1 |
|     6 | Shi Qing      |  46 | M      |       5 |      NULL |
|     7 | Xi Ren        |  19 | F      |       3 |      NULL |
|     8 | Lin Daiyu     |  17 | F      |       7 |      NULL |
|     9 | Ren Yingying  |  20 | F      |       6 |      NULL |
|    10 | Yue Lingshan  |  19 | F      |       3 |      NULL |
|    11 | Yuan Chengzhi |  23 | M      |       6 |      NULL |
|    12 | Wen Qingqing  |  19 | F      |       1 |      NULL |
|    13 | Tian Boguang  |  33 | M      |       2 |      NULL |
|    14 | Lu Wushuang   |  17 | F      |       3 |      NULL |
|    15 | Duan Yu       |  19 | M      |       4 |      NULL |
|    16 | Xu Zhu        |  21 | M      |       1 |      NULL |
|    17 | Lin Chong     |  25 | M      |       4 |      NULL |
|    18 | Hua Rong      |  23 | M      |       7 |      NULL |
|    19 | Xue Baochai   |  18 | F      |       6 |      NULL |
|    20 | Diao Chan     |  19 | F      |       7 |      NULL |
|    21 | Huang Yueying |  22 | F      |       6 |      NULL |
|    22 | Xiao Qiao     |  20 | F      |       1 |      NULL |
|    23 | Ma Chao       |  23 | M      |       4 |      NULL |
|    24 | Xu Xian       |  27 | M      |    NULL |      NULL |
|    25 | Sun Dasheng   | 100 | M      |    NULL |      NULL |
|    27 | Jinjiao King  | 100 | M      |    NULL |      NULL |
+-------+---------------+-----+--------+---------+-----------+
25 rows in set (0.00 sec)
```





### REPEATABLE READ 可重读

即一个事务执行过程中看到的数据，总是跟这个事务在启动时看到的数据是一致的，未提交的变更对其他事务是不可见的



解决了不可重复读的问题，但是依旧有幻读的问题。即一方自己的事务修改提交后，另一方读到的数据还是自己本身的

InnoDB 默认服务器参数, 可以在SESSION级别修改

```
MariaDB [hellodb]> SHOW GLOBAL VARIABLES LIKE '%isolation%';
+---------------+-----------------+
| Variable_name | Value           |
+---------------+-----------------+
| tx_isolation  | REPEATABLE-READ |
+---------------+-----------------+
1 row in set (0.00 sec)
```







### SERIALIZABLE 可串行化

即对同一行数据，写时会加写锁，读时会加读锁。出现读写冲突的时候，后访问的事务必须等前一个事务执行完成之后才能继续执行



解决幻读的问题，但是会引起加锁读问题，效率非常低

除非对事物安全性非常高，否则不要使用



两会话开启serializable， 并启动事务

```
MariaDB [hellodb]> SET tx_isolation='SERIALIZABLE';
Query OK, 0 rows affected (0.00 sec)

MariaDB [hellodb]> SHOW VARIABLES LIKE '%isolation';
+---------------+--------------+
| Variable_name | Value        |
+---------------+--------------+
| tx_isolation  | SERIALIZABLE |
+---------------+--------------+
1 row in set (0.01 sec)

MariaDB [hellodb]> START TRANSACTION;
Query OK, 0 rows affected (0.00 sec)
```



会话一更新数据并查看

```
MariaDB [hellodb]> SELECT * FROM students WHERE StuID=14;
+-------+-------------+-----+--------+---------+-----------+
| StuID | Name        | Age | Gender | ClassID | TeacherID |
+-------+-------------+-----+--------+---------+-----------+
|    14 | Lu Wushuang |  17 | F      |       3 |      NULL |
+-------+-------------+-----+--------+---------+-----------+
1 row in set (0.00 sec)

MariaDB [hellodb]> UPDATE students SET Age=21 WHERE StuID=14;
Query OK, 1 row affected (0.00 sec)
Rows matched: 1  Changed: 1  Warnings: 0

MariaDB [hellodb]>
MariaDB [hellodb]>
MariaDB [hellodb]> SELECT * FROM students WHERE StuID=14;
+-------+-------------+-----+--------+---------+-----------+
| StuID | Name        | Age | Gender | ClassID | TeacherID |
+-------+-------------+-----+--------+---------+-----------+
|    14 | Lu Wushuang |  21 | F      |       3 |      NULL |
+-------+-------------+-----+--------+---------+-----------+
1 row in set (0.00 sec)
```



会话二访问被阻塞

```
MariaDB [hellodb]> SELECT * FROM students WHERE StuID=14;

ERROR 1205 (HY000): Lock wait timeout exceeded; try restarting transaction
```



会话一COMMIT 之后会执行会话二

```
MariaDB [hellodb]> SELECT * FROM students WHERE StuID=14;
+-------+-------------+-----+--------+---------+-----------+
| StuID | Name        | Age | Gender | ClassID | TeacherID |
+-------+-------------+-----+--------+---------+-----------+
|    14 | Lu Wushuang |  21 | F      |       3 |      NULL |
+-------+-------------+-----+--------+---------+-----------+
1 row in set (5.48 sec)
```





## 死锁

两个或者多个事物在一组资源上相互占用，并请求锁定对方占用的资源的状态。



# 事务日志

事务日志的写入类型为追加，因此其操作为顺序IO， 此日志通常也被称为预写式日志(write and logging)

不建议设置过大的事务日志，这样会导致大量的同步日志事件，一旦崩溃，需要大量时间恢复

# 

## 事务日志设定

```
MariaDB [hellodb]> SHOW GLOBAL VARIABLES LIKE 'innodb_log%';
+---------------------------+---------+
| Variable_name             | Value   |
+---------------------------+---------+
| innodb_log_block_size     | 512     |
| innodb_log_buffer_size    | 8388608 |
| innodb_log_file_size      | 5242880 |	#不支持运行时修改，需要写到配置文件里面
| innodb_log_files_in_group | 2       | #不支持运行时修改，需要写到配置文件里面
| innodb_log_group_home_dir | ./      | #不支持运行时修改，需要写到配置文件里面
+---------------------------+---------+
5 rows in set (0.00 sec)
```



```
-rw-rw----. 1 mysql mysql 5.0M Jan  6 06:24 ib_logfile0
-rw-rw----. 1 mysql mysql 5.0M Jan  5 06:47 ib_logfile1
```

